--
-- PostgreSQL database dump
--

SET statement_timeout = 0;
SET lock_timeout = 0;
SET client_encoding = 'SQL_ASCII';
SET standard_conforming_strings = on;
SET check_function_bodies = false;
SET client_min_messages = warning;

--
-- Name: plpgsql; Type: EXTENSION; Schema: -; Owner: 
--

CREATE EXTENSION IF NOT EXISTS plpgsql WITH SCHEMA pg_catalog;


--
-- Name: EXTENSION plpgsql; Type: COMMENT; Schema: -; Owner: 
--

COMMENT ON EXTENSION plpgsql IS 'PL/pgSQL procedural language';


SET search_path = public, pg_catalog;

SET default_tablespace = '';

SET default_with_oids = false;

--
-- Name: continents; Type: TABLE; Schema: public; Owner: vad; Tablespace: 
--

CREATE TABLE continents (
    id integer NOT NULL,
    name character varying(255),
    created_at timestamp without time zone,
    updated_at timestamp without time zone
);


ALTER TABLE public.continents OWNER TO vad;

--
-- Name: continents_id_seq; Type: SEQUENCE; Schema: public; Owner: vad
--

CREATE SEQUENCE continents_id_seq
    START WITH 1
    INCREMENT BY 1
    NO MINVALUE
    NO MAXVALUE
    CACHE 1;


ALTER TABLE public.continents_id_seq OWNER TO vad;

--
-- Name: continents_id_seq; Type: SEQUENCE OWNED BY; Schema: public; Owner: vad
--

ALTER SEQUENCE continents_id_seq OWNED BY continents.id;


--
-- Name: countries; Type: TABLE; Schema: public; Owner: vad; Tablespace: 
--

CREATE TABLE countries (
    id integer NOT NULL,
    name character varying(255),
    continent_id integer,
    created_at timestamp without time zone,
    updated_at timestamp without time zone,
    slug character varying(255)
);


ALTER TABLE public.countries OWNER TO vad;

--
-- Name: countries_id_seq; Type: SEQUENCE; Schema: public; Owner: vad
--

CREATE SEQUENCE countries_id_seq
    START WITH 1
    INCREMENT BY 1
    NO MINVALUE
    NO MAXVALUE
    CACHE 1;


ALTER TABLE public.countries_id_seq OWNER TO vad;

--
-- Name: countries_id_seq; Type: SEQUENCE OWNED BY; Schema: public; Owner: vad
--

ALTER SEQUENCE countries_id_seq OWNED BY countries.id;


--
-- Name: friendly_id_slugs; Type: TABLE; Schema: public; Owner: vad; Tablespace: 
--

CREATE TABLE friendly_id_slugs (
    id integer NOT NULL,
    slug character varying(255) NOT NULL,
    sluggable_id integer NOT NULL,
    sluggable_type character varying(50),
    scope character varying(255),
    created_at timestamp without time zone
);


ALTER TABLE public.friendly_id_slugs OWNER TO vad;

--
-- Name: friendly_id_slugs_id_seq; Type: SEQUENCE; Schema: public; Owner: vad
--

CREATE SEQUENCE friendly_id_slugs_id_seq
    START WITH 1
    INCREMENT BY 1
    NO MINVALUE
    NO MAXVALUE
    CACHE 1;


ALTER TABLE public.friendly_id_slugs_id_seq OWNER TO vad;

--
-- Name: friendly_id_slugs_id_seq; Type: SEQUENCE OWNED BY; Schema: public; Owner: vad
--

ALTER SEQUENCE friendly_id_slugs_id_seq OWNED BY friendly_id_slugs.id;


--
-- Name: photos; Type: TABLE; Schema: public; Owner: vad; Tablespace: 
--

CREATE TABLE photos (
    id integer NOT NULL,
    image character varying(255),
    created_at timestamp without time zone,
    updated_at timestamp without time zone,
    imageable_id integer,
    imageable_type character varying(255)
);


ALTER TABLE public.photos OWNER TO vad;

--
-- Name: photos_id_seq; Type: SEQUENCE; Schema: public; Owner: vad
--

CREATE SEQUENCE photos_id_seq
    START WITH 1
    INCREMENT BY 1
    NO MINVALUE
    NO MAXVALUE
    CACHE 1;


ALTER TABLE public.photos_id_seq OWNER TO vad;

--
-- Name: photos_id_seq; Type: SEQUENCE OWNED BY; Schema: public; Owner: vad
--

ALTER SEQUENCE photos_id_seq OWNED BY photos.id;


--
-- Name: schema_migrations; Type: TABLE; Schema: public; Owner: vad; Tablespace: 
--

CREATE TABLE schema_migrations (
    version character varying(255) NOT NULL
);


ALTER TABLE public.schema_migrations OWNER TO vad;

--
-- Name: schools; Type: TABLE; Schema: public; Owner: vad; Tablespace: 
--

CREATE TABLE schools (
    id integer NOT NULL,
    spot_id integer,
    sports integer,
    name character varying(255),
    latitude numeric(10,6),
    longitude numeric(10,6),
    link character varying(255),
    affiliation integer,
    created_at timestamp without time zone,
    updated_at timestamp without time zone
);


ALTER TABLE public.schools OWNER TO vad;

--
-- Name: schools_id_seq; Type: SEQUENCE; Schema: public; Owner: vad
--

CREATE SEQUENCE schools_id_seq
    START WITH 1
    INCREMENT BY 1
    NO MINVALUE
    NO MAXVALUE
    CACHE 1;


ALTER TABLE public.schools_id_seq OWNER TO vad;

--
-- Name: schools_id_seq; Type: SEQUENCE OWNED BY; Schema: public; Owner: vad
--

ALTER SEQUENCE schools_id_seq OWNED BY schools.id;


--
-- Name: seasons; Type: TABLE; Schema: public; Owner: vad; Tablespace: 
--

CREATE TABLE seasons (
    id integer NOT NULL,
    spot_id integer,
    sport_id integer,
    months character varying(12),
    created_at timestamp without time zone NOT NULL,
    updated_at timestamp without time zone NOT NULL
);


ALTER TABLE public.seasons OWNER TO vad;

--
-- Name: seasons_id_seq; Type: SEQUENCE; Schema: public; Owner: vad
--

CREATE SEQUENCE seasons_id_seq
    START WITH 1
    INCREMENT BY 1
    NO MINVALUE
    NO MAXVALUE
    CACHE 1;


ALTER TABLE public.seasons_id_seq OWNER TO vad;

--
-- Name: seasons_id_seq; Type: SEQUENCE OWNED BY; Schema: public; Owner: vad
--

ALTER SEQUENCE seasons_id_seq OWNED BY seasons.id;


--
-- Name: sports; Type: TABLE; Schema: public; Owner: vad; Tablespace: 
--

CREATE TABLE sports (
    id integer NOT NULL,
    name character varying(255)
);


ALTER TABLE public.sports OWNER TO vad;

--
-- Name: sports_id_seq; Type: SEQUENCE; Schema: public; Owner: vad
--

CREATE SEQUENCE sports_id_seq
    START WITH 1
    INCREMENT BY 1
    NO MINVALUE
    NO MAXVALUE
    CACHE 1;


ALTER TABLE public.sports_id_seq OWNER TO vad;

--
-- Name: sports_id_seq; Type: SEQUENCE OWNED BY; Schema: public; Owner: vad
--

ALTER SEQUENCE sports_id_seq OWNED BY sports.id;


--
-- Name: spots; Type: TABLE; Schema: public; Owner: vad; Tablespace: 
--

CREATE TABLE spots (
    id integer NOT NULL,
    name character varying(255),
    latitude numeric(10,6),
    longitude numeric(10,6),
    created_at timestamp without time zone,
    updated_at timestamp without time zone,
    country_id integer,
    slug character varying(255)
);


ALTER TABLE public.spots OWNER TO vad;

--
-- Name: spots_id_seq; Type: SEQUENCE; Schema: public; Owner: vad
--

CREATE SEQUENCE spots_id_seq
    START WITH 1
    INCREMENT BY 1
    NO MINVALUE
    NO MAXVALUE
    CACHE 1;


ALTER TABLE public.spots_id_seq OWNER TO vad;

--
-- Name: spots_id_seq; Type: SEQUENCE OWNED BY; Schema: public; Owner: vad
--

ALTER SEQUENCE spots_id_seq OWNED BY spots.id;


--
-- Name: id; Type: DEFAULT; Schema: public; Owner: vad
--

ALTER TABLE ONLY continents ALTER COLUMN id SET DEFAULT nextval('continents_id_seq'::regclass);


--
-- Name: id; Type: DEFAULT; Schema: public; Owner: vad
--

ALTER TABLE ONLY countries ALTER COLUMN id SET DEFAULT nextval('countries_id_seq'::regclass);


--
-- Name: id; Type: DEFAULT; Schema: public; Owner: vad
--

ALTER TABLE ONLY friendly_id_slugs ALTER COLUMN id SET DEFAULT nextval('friendly_id_slugs_id_seq'::regclass);


--
-- Name: id; Type: DEFAULT; Schema: public; Owner: vad
--

ALTER TABLE ONLY photos ALTER COLUMN id SET DEFAULT nextval('photos_id_seq'::regclass);


--
-- Name: id; Type: DEFAULT; Schema: public; Owner: vad
--

ALTER TABLE ONLY schools ALTER COLUMN id SET DEFAULT nextval('schools_id_seq'::regclass);


--
-- Name: id; Type: DEFAULT; Schema: public; Owner: vad
--

ALTER TABLE ONLY seasons ALTER COLUMN id SET DEFAULT nextval('seasons_id_seq'::regclass);


--
-- Name: id; Type: DEFAULT; Schema: public; Owner: vad
--

ALTER TABLE ONLY sports ALTER COLUMN id SET DEFAULT nextval('sports_id_seq'::regclass);


--
-- Name: id; Type: DEFAULT; Schema: public; Owner: vad
--

ALTER TABLE ONLY spots ALTER COLUMN id SET DEFAULT nextval('spots_id_seq'::regclass);


--
-- Data for Name: continents; Type: TABLE DATA; Schema: public; Owner: vad
--

COPY continents (id, name, created_at, updated_at) FROM stdin;
1	Africa	2015-04-26 21:59:57.215242	2015-04-26 21:59:57.215242
2	Europe	2015-04-26 21:59:57.3969	2015-04-26 21:59:57.3969
3	Asia	2015-04-26 21:59:57.600663	2015-04-26 21:59:57.600663
4	North America	2015-04-26 21:59:57.797832	2015-04-26 21:59:57.797832
5	South America	2015-04-26 21:59:57.997757	2015-04-26 21:59:57.997757
6	Australia	2015-04-26 21:59:58.196979	2015-04-26 21:59:58.196979
\.


--
-- Name: continents_id_seq; Type: SEQUENCE SET; Schema: public; Owner: vad
--

SELECT pg_catalog.setval('continents_id_seq', 6, true);


--
-- Data for Name: countries; Type: TABLE DATA; Schema: public; Owner: vad
--

COPY countries (id, name, continent_id, created_at, updated_at, slug) FROM stdin;
1	Egypt	1	2015-04-26 21:59:58.580867	2015-04-26 21:59:58.580867	egypt
2	Tanzania	1	2015-04-26 21:59:58.790691	2015-04-26 21:59:58.790691	tanzania
3	Kenya	1	2015-04-26 21:59:58.998768	2015-04-26 21:59:58.998768	kenya
4	Mauritius	1	2015-04-26 21:59:59.192476	2015-04-26 21:59:59.192476	mauritius
5	Dominican Republic	4	2015-04-26 21:59:59.390684	2015-04-26 21:59:59.390684	dominican-republic
\.


--
-- Name: countries_id_seq; Type: SEQUENCE SET; Schema: public; Owner: vad
--

SELECT pg_catalog.setval('countries_id_seq', 5, true);


--
-- Data for Name: friendly_id_slugs; Type: TABLE DATA; Schema: public; Owner: vad
--

COPY friendly_id_slugs (id, slug, sluggable_id, sluggable_type, scope, created_at) FROM stdin;
1	soma-bay	1	Spot	\N	2015-04-26 21:59:59.708192
2	el-gouna	2	Spot	\N	2015-04-26 21:59:59.778023
3	sharm-el-sheikh-nabq	3	Spot	\N	2015-04-26 21:59:59.910555
4	marsa-alam-blue-lagoon	4	Spot	\N	2015-04-26 22:00:00.123924
5	cabarete-beach	5	Spot	\N	2015-04-26 22:01:47.813032
\.


--
-- Name: friendly_id_slugs_id_seq; Type: SEQUENCE SET; Schema: public; Owner: vad
--

SELECT pg_catalog.setval('friendly_id_slugs_id_seq', 5, true);


--
-- Data for Name: photos; Type: TABLE DATA; Schema: public; Owner: vad
--

COPY photos (id, image, created_at, updated_at, imageable_id, imageable_type) FROM stdin;
1	1.jpg	2015-04-26 22:00:00.967424	2015-04-26 22:00:00.967424	1	Spot
2	soma-bay-holiday-10.jpg	2015-04-26 22:00:01.387057	2015-04-26 22:00:01.387057	1	Spot
3	10.jpg	2015-04-26 22:00:01.793833	2015-04-26 22:00:01.793833	1	Spot
4	1280x.jpeg	2015-04-26 22:00:02.175259	2015-04-26 22:00:02.175259	1	Spot
5	Kite_Junkies_Sharm_8.jpg	2015-04-26 22:00:02.370204	2015-04-26 22:00:02.370204	1	Spot
6	kite-junkies-amazing.jpg	2015-04-26 22:00:02.601431	2015-04-26 22:00:02.601431	1	Spot
7	panoramic-1a.jpg	2015-04-26 22:00:02.830394	2015-04-26 22:00:02.830394	1	Spot
8	10.jpg	2015-04-26 22:00:03.20319	2015-04-26 22:00:03.20319	2	Spot
9	1280_2.jpeg	2015-04-26 22:00:03.580181	2015-04-26 22:00:03.580181	2	Spot
10	1280x.jpeg	2015-04-26 22:00:03.98369	2015-04-26 22:00:03.98369	2	Spot
11	kite-junkies-amazing.jpg	2015-04-26 22:00:04.230495	2015-04-26 22:00:04.230495	3	Spot
12	panoramic-1a.jpg	2015-04-26 22:00:04.444118	2015-04-26 22:00:04.444118	3	Spot
13	Kite_Junkies_Sharm_8.jpg	2015-04-26 22:00:04.620627	2015-04-26 22:00:04.620627	3	Spot
14	kite-junkies-amazing.jpg	2015-04-26 22:00:04.822218	2015-04-26 22:00:04.822218	3	Spot
15	1280x.jpeg	2015-04-26 22:00:05.179385	2015-04-26 22:00:05.179385	4	Spot
16	1.jpg	2015-04-26 22:00:05.470815	2015-04-26 22:00:05.470815	4	Spot
17	IMG_2102.JPG	2015-04-26 22:01:49.824807	2015-04-26 22:01:49.824807	5	Spot
18	IMG_2456.JPG	2015-04-26 22:02:16.392487	2015-04-26 22:02:16.392487	5	Spot
\.


--
-- Name: photos_id_seq; Type: SEQUENCE SET; Schema: public; Owner: vad
--

SELECT pg_catalog.setval('photos_id_seq', 18, true);


--
-- Data for Name: schema_migrations; Type: TABLE DATA; Schema: public; Owner: vad
--

COPY schema_migrations (version) FROM stdin;
20150316195309
20150315192658
20150301184857
20140830103411
20140808175947
20140830101417
20140802093532
20150315191441
20140811190055
20141231074847
20150228184937
20150316195115
20150228174107
20140829183210
20150223101824
20140831175247
20140829184044
20140817154540
20150223094423
20140908152206
20150315192755
20150228184647
20140726155840
20150315191743
20141210100205
20140831112821
20140726130823
20140806184943
20140806184654
20140830100226
\.


--
-- Data for Name: schools; Type: TABLE DATA; Schema: public; Owner: vad
--

COPY schools (id, spot_id, sports, name, latitude, longitude, link, affiliation, created_at, updated_at) FROM stdin;
1	1	\N	Tornado Surf	26.795834	33.941896	http://www.tornadosurf.com	1	2015-04-26 22:00:05.609404	2015-04-26 22:00:05.609404
\.


--
-- Name: schools_id_seq; Type: SEQUENCE SET; Schema: public; Owner: vad
--

SELECT pg_catalog.setval('schools_id_seq', 1, true);


--
-- Data for Name: seasons; Type: TABLE DATA; Schema: public; Owner: vad
--

COPY seasons (id, spot_id, sport_id, months, created_at, updated_at) FROM stdin;
9	1	3	111111111111	2015-04-26 22:00:00.495304	2015-04-26 22:00:00.495304
10	1	2	111111111111	2015-04-26 22:00:00.692208	2015-04-26 22:00:00.692208
11	5	3	333333333333	2015-04-26 22:02:14.19283	2015-04-26 22:02:14.19283
\.


--
-- Name: seasons_id_seq; Type: SEQUENCE SET; Schema: public; Owner: vad
--

SELECT pg_catalog.setval('seasons_id_seq', 11, true);


--
-- Data for Name: sports; Type: TABLE DATA; Schema: public; Owner: vad
--

COPY sports (id, name) FROM stdin;
1	Surfing
2	Windsurfing
3	Kitesurfing
\.


--
-- Name: sports_id_seq; Type: SEQUENCE SET; Schema: public; Owner: vad
--

SELECT pg_catalog.setval('sports_id_seq', 3, true);


--
-- Data for Name: spots; Type: TABLE DATA; Schema: public; Owner: vad
--

COPY spots (id, name, latitude, longitude, created_at, updated_at, country_id, slug) FROM stdin;
1	Soma Bay	26.844535	33.956664	2015-04-26 21:59:59.65955	2015-04-26 21:59:59.65955	1	soma-bay
2	El Gouna	27.396147	33.687928	2015-04-26 21:59:59.765493	2015-04-26 21:59:59.765493	1	el-gouna
3	Sharm el Sheikh, Nabq	28.053572	34.441985	2015-04-26 21:59:59.89871	2015-04-26 21:59:59.89871	1	sharm-el-sheikh-nabq
4	Marsa Alam, Blue Lagoon	24.910606	34.976907	2015-04-26 22:00:00.106574	2015-04-26 22:01:05.28604	1	marsa-alam-blue-lagoon
5	Cabarete Beach	19.754587	-70.411549	2015-04-26 22:01:47.805368	2015-04-26 22:01:47.805368	5	cabarete-beach
\.


--
-- Name: spots_id_seq; Type: SEQUENCE SET; Schema: public; Owner: vad
--

SELECT pg_catalog.setval('spots_id_seq', 5, true);


--
-- Name: continents_pkey; Type: CONSTRAINT; Schema: public; Owner: vad; Tablespace: 
--

ALTER TABLE ONLY continents
    ADD CONSTRAINT continents_pkey PRIMARY KEY (id);


--
-- Name: countries_pkey; Type: CONSTRAINT; Schema: public; Owner: vad; Tablespace: 
--

ALTER TABLE ONLY countries
    ADD CONSTRAINT countries_pkey PRIMARY KEY (id);


--
-- Name: friendly_id_slugs_pkey; Type: CONSTRAINT; Schema: public; Owner: vad; Tablespace: 
--

ALTER TABLE ONLY friendly_id_slugs
    ADD CONSTRAINT friendly_id_slugs_pkey PRIMARY KEY (id);


--
-- Name: photos_pkey; Type: CONSTRAINT; Schema: public; Owner: vad; Tablespace: 
--

ALTER TABLE ONLY photos
    ADD CONSTRAINT photos_pkey PRIMARY KEY (id);


--
-- Name: schools_pkey; Type: CONSTRAINT; Schema: public; Owner: vad; Tablespace: 
--

ALTER TABLE ONLY schools
    ADD CONSTRAINT schools_pkey PRIMARY KEY (id);


--
-- Name: seasons_pkey; Type: CONSTRAINT; Schema: public; Owner: vad; Tablespace: 
--

ALTER TABLE ONLY seasons
    ADD CONSTRAINT seasons_pkey PRIMARY KEY (id);


--
-- Name: sports_pkey; Type: CONSTRAINT; Schema: public; Owner: vad; Tablespace: 
--

ALTER TABLE ONLY sports
    ADD CONSTRAINT sports_pkey PRIMARY KEY (id);


--
-- Name: spots_pkey; Type: CONSTRAINT; Schema: public; Owner: vad; Tablespace: 
--

ALTER TABLE ONLY spots
    ADD CONSTRAINT spots_pkey PRIMARY KEY (id);


--
-- Name: index_countries_on_continent_id; Type: INDEX; Schema: public; Owner: vad; Tablespace: 
--

CREATE INDEX index_countries_on_continent_id ON countries USING btree (continent_id);


--
-- Name: index_countries_on_slug; Type: INDEX; Schema: public; Owner: vad; Tablespace: 
--

CREATE UNIQUE INDEX index_countries_on_slug ON countries USING btree (slug);


--
-- Name: index_friendly_id_slugs_on_slug_and_sluggable_type; Type: INDEX; Schema: public; Owner: vad; Tablespace: 
--

CREATE INDEX index_friendly_id_slugs_on_slug_and_sluggable_type ON friendly_id_slugs USING btree (slug, sluggable_type);


--
-- Name: index_friendly_id_slugs_on_slug_and_sluggable_type_and_scope; Type: INDEX; Schema: public; Owner: vad; Tablespace: 
--

CREATE UNIQUE INDEX index_friendly_id_slugs_on_slug_and_sluggable_type_and_scope ON friendly_id_slugs USING btree (slug, sluggable_type, scope);


--
-- Name: index_friendly_id_slugs_on_sluggable_id; Type: INDEX; Schema: public; Owner: vad; Tablespace: 
--

CREATE INDEX index_friendly_id_slugs_on_sluggable_id ON friendly_id_slugs USING btree (sluggable_id);


--
-- Name: index_friendly_id_slugs_on_sluggable_type; Type: INDEX; Schema: public; Owner: vad; Tablespace: 
--

CREATE INDEX index_friendly_id_slugs_on_sluggable_type ON friendly_id_slugs USING btree (sluggable_type);


--
-- Name: index_schools_on_name; Type: INDEX; Schema: public; Owner: vad; Tablespace: 
--

CREATE INDEX index_schools_on_name ON schools USING btree (name);


--
-- Name: index_schools_on_spot_id; Type: INDEX; Schema: public; Owner: vad; Tablespace: 
--

CREATE INDEX index_schools_on_spot_id ON schools USING btree (spot_id);


--
-- Name: index_seasons_on_sport_id; Type: INDEX; Schema: public; Owner: vad; Tablespace: 
--

CREATE INDEX index_seasons_on_sport_id ON seasons USING btree (sport_id);


--
-- Name: index_seasons_on_spot_id; Type: INDEX; Schema: public; Owner: vad; Tablespace: 
--

CREATE INDEX index_seasons_on_spot_id ON seasons USING btree (spot_id);


--
-- Name: index_seasons_on_spot_id_and_sport_id; Type: INDEX; Schema: public; Owner: vad; Tablespace: 
--

CREATE INDEX index_seasons_on_spot_id_and_sport_id ON seasons USING btree (spot_id, sport_id);


--
-- Name: index_spots_on_country_id; Type: INDEX; Schema: public; Owner: vad; Tablespace: 
--

CREATE INDEX index_spots_on_country_id ON spots USING btree (country_id);


--
-- Name: index_spots_on_name; Type: INDEX; Schema: public; Owner: vad; Tablespace: 
--

CREATE INDEX index_spots_on_name ON spots USING btree (name);


--
-- Name: index_spots_on_slug; Type: INDEX; Schema: public; Owner: vad; Tablespace: 
--

CREATE UNIQUE INDEX index_spots_on_slug ON spots USING btree (slug);


--
-- Name: unique_schema_migrations; Type: INDEX; Schema: public; Owner: vad; Tablespace: 
--

CREATE UNIQUE INDEX unique_schema_migrations ON schema_migrations USING btree (version);


--
-- Name: public; Type: ACL; Schema: -; Owner: postgres
--

REVOKE ALL ON SCHEMA public FROM PUBLIC;
REVOKE ALL ON SCHEMA public FROM postgres;
GRANT ALL ON SCHEMA public TO postgres;
GRANT ALL ON SCHEMA public TO PUBLIC;


--
-- PostgreSQL database dump complete
--

